{
  "vertices":[
    0.35355,
    -0.5,
    -0.35355,
    0.5,
    -0.5,
    0,
    0,
    -0.5,
    0,
    0,
    -0.5,
    -0.5,
    0.35355,
    -0.5,
    -0.35355,
    0,
    -0.5,
    0,
    -0.35355,
    -0.5,
    -0.35355,
    0,
    -0.5,
    -0.5,
    0,
    -0.5,
    0,
    -0.5,
    -0.5,
    0,
    -0.35355,
    -0.5,
    -0.35355,
    0,
    -0.5,
    0,
    -0.35355,
    -0.5,
    0.35355,
    -0.5,
    -0.5,
    0,
    0,
    -0.5,
    0,
    0,
    -0.5,
    0.5,
    -0.35355,
    -0.5,
    0.35355,
    0,
    -0.5,
    0,
    0.35355,
    -0.5,
    0.35355,
    0,
    -0.5,
    0.5,
    0,
    -0.5,
    0,
    0.5,
    -0.5,
    0,
    0.35355,
    -0.5,
    0.35355,
    0,
    -0.5,
    0,
    0,
    0.5,
    0,
    0.5,
    -0.5,
    0,
    0.35355,
    -0.5,
    -0.35355,
    0,
    0.5,
    0,
    0.35355,
    -0.5,
    -0.35355,
    0,
    -0.5,
    -0.5,
    0,
    0.5,
    0,
    0,
    -0.5,
    -0.5,
    -0.35355,
    -0.5,
    -0.35355,
    0,
    0.5,
    0,
    -0.35355,
    -0.5,
    -0.35355,
    -0.5,
    -0.5,
    0,
    0,
    0.5,
    0,
    -0.5,
    -0.5,
    0,
    -0.35355,
    -0.5,
    0.35355,
    0,
    0.5,
    0,
    -0.35355,
    -0.5,
    0.35355,
    0,
    -0.5,
    0.5,
    0,
    0.5,
    0,
    0,
    -0.5,
    0.5,
    0.35355,
    -0.5,
    0.35355,
    0,
    0.5,
    0,
    0.35355,
    -0.5,
    0.35355,
    0.5,
    -0.5,
    0
  ],
  "normals":[
    0,
    -1,
    0,
    0,
    -1,
    0,
    0,
    -1,
    0,
    0,
    -1,
    0,
    0,
    -1,
    0,
    0,
    -1,
    0,
    0,
    -1,
    0,
    0,
    -1,
    0,
    0,
    -1,
    0,
    0,
    -1,
    0,
    0,
    -1,
    0,
    0,
    -1,
    0,
    0,
    -1,
    0,
    0,
    -1,
    0,
    0,
    -1,
    0,
    0,
    -1,
    0,
    0,
    -1,
    0,
    0,
    -1,
    0,
    0,
    -1,
    0,
    0,
    -1,
    0,
    0,
    -1,
    0,
    0,
    -1,
    0,
    0,
    -1,
    0,
    0,
    -1,
    0,
    0,
    1,
    0,
    0.89443,
    0.44721,
    0,
    0.63246,
    0.44721,
    -0.63246,
    0,
    1,
    0,
    0.63246,
    0.44721,
    -0.63246,
    0,
    0.44721,
    -0.89443,
    0,
    1,
    0,
    0,
    0.44721,
    -0.89443,
    -0.63246,
    0.44721,
    -0.63246,
    0,
    1,
    0,
    -0.63246,
    0.44721,
    -0.63246,
    -0.89443,
    0.44721,
    0,
    0,
    1,
    0,
    -0.89443,
    0.44721,
    0,
    -0.63246,
    0.44721,
    0.63246,
    0,
    1,
    0,
    -0.63246,
    0.44721,
    0.63246,
    0,
    0.44721,
    0.89443,
    0,
    1,
    0,
    0,
    0.44721,
    0.89443,
    0.63246,
    0.44721,
    0.63246,
    0,
    1,
    0,
    0.63246,
    0.44721,
    0.63246,
    0.89443,
    0.44721,
    0
  ]
}
